"Source:","/home/eddy/Docs/SAO/BTA/MIRROR_CONTROL_termo/Project/kicad/Sensors_tester_with_screen/stm32f042/stm32f042.sch"
"Date:","÷Ô 16 ÉÀÌ 2019 08:53:19"
"Tool:","Eeschema (6.0.0-rc1-dev-1613-ga55d9819b)"
"Generator:","/usr/local/share/kicad/plugins/bom_csv_grouped_by_value.py"
"Component Count:","42"

"Individual Components:"

"Item","Qty","Reference(s)","Value","LibPart","Footprint","Datasheet"
"","","BT1","Battery_Cell","Device:Battery_Cell","Battery:BatteryHolder_MPD_BH-18650-PC2","~"
"","","C1","0.1","stm32-rescue:C","Capacitor_SMD:C_0603_1608Metric_Pad1.05x0.95mm_HandSolder",""
"","","C2","0.1","stm32-rescue:C","Capacitor_SMD:C_0603_1608Metric_Pad1.05x0.95mm_HandSolder",""
"","","C3","0.1","stm32-rescue:C","Capacitor_SMD:C_0603_1608Metric_Pad1.05x0.95mm_HandSolder",""
"","","C4","0.1","stm32-rescue:C","Capacitor_SMD:C_0603_1608Metric_Pad1.05x0.95mm_HandSolder",""
"","","C5","0.1","stm32-rescue:C","Capacitor_SMD:C_0603_1608Metric_Pad1.05x0.95mm_HandSolder",""
"","","C6","0.1","stm32-rescue:C","Capacitor_SMD:C_0603_1608Metric_Pad1.05x0.95mm_HandSolder",""
"","","C7","47u","stm32-rescue:CP","Capacitor_Tantalum_SMD:CP_EIA-3216-18_Kemet-A_Pad1.58x1.35mm_HandSolder",""
"","","C8","0.1","stm32-rescue:C","Capacitor_SMD:C_0603_1608Metric_Pad1.05x0.95mm_HandSolder",""
"","","D1","LED0","stm32-rescue:LED-RESCUE-stm32","LED_SMD:LED_0805_2012Metric_Pad1.15x1.40mm_HandSolder",""
"","","D2","LED1","stm32-rescue:LED-RESCUE-stm32","LED_SMD:LED_0805_2012Metric_Pad1.15x1.40mm_HandSolder",""
"","","D3","SS14","Device:D_Schottky","Diode_SMD:D_SMB_Handsoldering","~"
"","","D4","SS14","stm32-rescue:D_Schottky","Diode_SMD:D_SMB_Handsoldering",""
"","","J1","4P4C","Connector:4P4C","my_footprints:RJ9-4P4C","~"
"","","J2","Conn","Connector_Generic:Conn_01x02","TerminalBlock_Phoenix:TerminalBlock_Phoenix_MKDS-1,5-2-5.08_1x02_P5.08mm_Horizontal","~"
"","","J3","Conn","Connector_Generic:Conn_01x02","TerminalBlock_Phoenix:TerminalBlock_Phoenix_MKDS-1,5-2-5.08_1x02_P5.08mm_Horizontal","~"
"","","J4","SPI_screen","Connector:Conn_01x07_Female","Connector_PinSocket_2.54mm:PinSocket_1x07_P2.54mm_Vertical","~"
"","","P1","USB_B","stm32-rescue:USB_A-RESCUE-stm32","Connectors_USB:USB_B_OST_USB-B1HSxx_Horizontal",""
"","","P2","USART_BOOT","stm32-rescue:CONN_01X03","Connector_PinHeader_2.54mm:PinHeader_1x03_P2.54mm_Vertical",""
"","","P3","Hole","stm32-rescue:CONN_01X01","my_footprints:Hole_3mm",""
"","","P4","Hole","stm32-rescue:CONN_01X01","my_footprints:Hole_3mm",""
"","","P5","Hole","stm32-rescue:CONN_01X01","my_footprints:Hole_3mm",""
"","","P6","Hole","stm32-rescue:CONN_01X01","my_footprints:Hole_3mm",""
"","","Q1","AO3407","Device:Q_PMOS_GSD","TO_SOT_Packages_SMD:SOT-23_Handsoldering","~"
"","","R1","22","stm32-rescue:R","Resistor_SMD:R_0603_1608Metric_Pad1.05x0.95mm_HandSolder",""
"","","R2","22","stm32-rescue:R","Resistor_SMD:R_0603_1608Metric_Pad1.05x0.95mm_HandSolder",""
"","","R3","51k","stm32-rescue:R","Resistor_SMD:R_0603_1608Metric_Pad1.05x0.95mm_HandSolder",""
"","","R4","51k","stm32-rescue:R","Resistor_SMD:R_0603_1608Metric_Pad1.05x0.95mm_HandSolder",""
"","","R5","330","stm32-rescue:R","Resistor_SMD:R_0603_1608Metric_Pad1.05x0.95mm_HandSolder",""
"","","R6","330","stm32-rescue:R","Resistor_SMD:R_0603_1608Metric_Pad1.05x0.95mm_HandSolder",""
"","","R7","4k7","Device:R","Resistor_SMD:R_0603_1608Metric_Pad1.05x0.95mm_HandSolder","~"
"","","R8","4k7","Device:R","Resistor_SMD:R_0603_1608Metric_Pad1.05x0.95mm_HandSolder","~"
"","","R9","22","Device:R","Resistor_SMD:R_0603_1608Metric_Pad1.05x0.95mm_HandSolder","~"
"","","R10","10k","stm32-rescue:R","Resistor_SMD:R_0603_1608Metric_Pad1.05x0.95mm_HandSolder",""
"","","R11","10k","stm32-rescue:R","Resistor_SMD:R_0603_1608Metric_Pad1.05x0.95mm_HandSolder",""
"","","R12","510","Device:R","Resistor_SMD:R_0603_1608Metric_Pad1.05x0.95mm_HandSolder","~"
"","","SW1","Reset","Switch:SW_Push","Buttons_Switches_SMD:SW_SPST_FSMSM",""
"","","SW2","Boot","Switch:SW_Push","Buttons_Switches_SMD:SW_SPST_FSMSM",""
"","","SW3","Poweron","Switch:SW_Push","Button_Switch_THT:SW_PUSH_6mm_H13mm",""
"","","U1","USBLC6-2SC6","Power_Protection:USBLC6-2SC6","TO_SOT_Packages_SMD:SOT-23-6_Handsoldering","http://www2.st.com/resource/en/datasheet/CD00050750.pdf"
"","","U2","STM32F042C6Tx","stm32-rescue:STM32F042C6Tx","Package_QFP:LQFP-48_7x7mm_P0.5mm",""
"","","U3","LM1117-3.3","stm32-rescue:LM1117-3.3-RESCUE-stm32","TO_SOT_Packages_SMD:SOT-223",""



"Collated Components:"

"Item","Qty","Reference(s)","Value","LibPart","Footprint","Datasheet"
"1","1","BT1","Battery_Cell","Device:Battery_Cell","Battery:BatteryHolder_MPD_BH-18650-PC2","~"
"2","7","C1, C2, C3, C4, C5, C6, C8","0.1","stm32-rescue:C","Capacitor_SMD:C_0603_1608Metric_Pad1.05x0.95mm_HandSolder",""
"3","1","C7","47u","stm32-rescue:CP","Capacitor_Tantalum_SMD:CP_EIA-3216-18_Kemet-A_Pad1.58x1.35mm_HandSolder",""
"4","1","D1","LED0","stm32-rescue:LED-RESCUE-stm32","LED_SMD:LED_0805_2012Metric_Pad1.15x1.40mm_HandSolder",""
"5","1","D2","LED1","stm32-rescue:LED-RESCUE-stm32","LED_SMD:LED_0805_2012Metric_Pad1.15x1.40mm_HandSolder",""
"6","2","D3, D4","SS14","stm32-rescue:D_Schottky","Diode_SMD:D_SMB_Handsoldering","~"
"7","1","J1","4P4C","Connector:4P4C","my_footprints:RJ9-4P4C","~"
"8","2","J2, J3","Conn","Connector_Generic:Conn_01x02","TerminalBlock_Phoenix:TerminalBlock_Phoenix_MKDS-1,5-2-5.08_1x02_P5.08mm_Horizontal","~"
"9","1","J4","SPI_screen","Connector:Conn_01x07_Female","Connector_PinSocket_2.54mm:PinSocket_1x07_P2.54mm_Vertical","~"
"10","1","P1","USB_B","stm32-rescue:USB_A-RESCUE-stm32","Connectors_USB:USB_B_OST_USB-B1HSxx_Horizontal",""
"11","1","P2","USART_BOOT","stm32-rescue:CONN_01X03","Connector_PinHeader_2.54mm:PinHeader_1x03_P2.54mm_Vertical",""
"12","4","P3, P4, P5, P6","Hole","stm32-rescue:CONN_01X01","my_footprints:Hole_3mm",""
"13","1","Q1","AO3407","Device:Q_PMOS_GSD","TO_SOT_Packages_SMD:SOT-23_Handsoldering","~"
"14","3","R1, R2, R9","22","Device:R","Resistor_SMD:R_0603_1608Metric_Pad1.05x0.95mm_HandSolder","~"
"15","2","R3, R4","51k","stm32-rescue:R","Resistor_SMD:R_0603_1608Metric_Pad1.05x0.95mm_HandSolder",""
"16","2","R5, R6","330","stm32-rescue:R","Resistor_SMD:R_0603_1608Metric_Pad1.05x0.95mm_HandSolder",""
"17","2","R7, R8","4k7","Device:R","Resistor_SMD:R_0603_1608Metric_Pad1.05x0.95mm_HandSolder","~"
"18","2","R10, R11","10k","stm32-rescue:R","Resistor_SMD:R_0603_1608Metric_Pad1.05x0.95mm_HandSolder",""
"19","1","R12","510","Device:R","Resistor_SMD:R_0603_1608Metric_Pad1.05x0.95mm_HandSolder","~"
"20","1","SW1","Reset","Switch:SW_Push","Buttons_Switches_SMD:SW_SPST_FSMSM",""
"21","1","SW2","Boot","Switch:SW_Push","Buttons_Switches_SMD:SW_SPST_FSMSM",""
"22","1","SW3","Poweron","Switch:SW_Push","Button_Switch_THT:SW_PUSH_6mm_H13mm",""
"23","1","U1","USBLC6-2SC6","Power_Protection:USBLC6-2SC6","TO_SOT_Packages_SMD:SOT-23-6_Handsoldering","http://www2.st.com/resource/en/datasheet/CD00050750.pdf"
"24","1","U2","STM32F042C6Tx","stm32-rescue:STM32F042C6Tx","Package_QFP:LQFP-48_7x7mm_P0.5mm",""
"25","1","U3","LM1117-3.3","stm32-rescue:LM1117-3.3-RESCUE-stm32","TO_SOT_Packages_SMD:SOT-223",""
